phylum,Total_Species_Count,Average_Species_Per_Species,Standard_Deviation,Rank
Proteobacteria,390,195.0,148.49242404917499,1
Bacteroidetes,310,103.33333333333333,83.86497083606082,2
Firmicutes,270,90.0,26.457513110645905,3
Actinobacteria,250,125.0,35.35533905932738,4
